,output,input
0,5,"[[0, 0, 1], [1, 0, 0], [0, 0, 1], [1, 0, 0], [0, 0, 0], [1, 1, 0], [0, 1, 0], [0, 1, 1], [0, 0, 0], [1, 0, 0]]"
1,8,"[[0, 0, 0], [0, 0, 0], [0, 0, 0], [0, 0, 0], [0, 0, 0], [0, 0, 0], [1, 1, 1], [1, 1, 1], [1, 1, 1], [1, 0, 0]]"
2,2,"[[0, 0, 0], [0, 0, 0], [0, 0, 1], [1, 0, 0], [0, 0, 0], [0, 0, 0], [0, 1, 1], [1, 1, 1], [1, 1, 0], [1, 0, 0]]"
3,6,"[[0, 0, 1], [0, 0, 0], [0, 0, 1], [1, 0, 0], [0, 0, 1], [0, 0, 0], [0, 1, 0], [1, 1, 0], [1, 1, 0], [1, 0, 0]]"
4,2,"[[0, 0, 1], [0, 0, 0], [1, 0, 1], [1, 0, 0], [1, 0, 1], [0, 0, 0], [0, 1, 0], [0, 1, 0], [0, 1, 0], [0, 0, 0]]"
5,7,"[[0, 0, 1], [0, 0, 0], [1, 0, 1], [1, 0, 0], [1, 0, 1], [0, 0, 0], [0, 1, 0], [0, 1, 0], [0, 1, 0], [1, 0, 0]]"
6,8,"[[0, 0, 0], [0, 0, 0], [0, 0, 0], [0, 0, 0], [0, 0, 0], [0, 0, 0], [1, 1, 1], [1, 1, 1], [1, 1, 1], [1, 0, 0]]"
7,2,"[[0, 0, 0], [0, 0, 0], [0, 0, 1], [1, 0, 0], [0, 0, 0], [0, 0, 0], [0, 1, 1], [1, 1, 1], [1, 1, 0], [1, 0, 0]]"
8,6,"[[0, 0, 1], [0, 0, 0], [0, 0, 1], [1, 0, 0], [0, 0, 1], [0, 0, 0], [0, 1, 0], [1, 1, 0], [1, 1, 0], [1, 0, 0]]"
9,2,"[[0, 0, 1], [0, 0, 0], [1, 0, 1], [1, 0, 0], [1, 0, 1], [0, 0, 0], [0, 1, 0], [0, 1, 0], [0, 1, 0], [0, 0, 0]]"
10,7,"[[0, 0, 1], [0, 0, 0], [1, 0, 1], [1, 0, 0], [1, 0, 1], [0, 0, 0], [0, 1, 0], [0, 1, 0], [0, 1, 0], [1, 0, 0]]"
11,8,"[[0, 0, 0], [0, 0, 0], [0, 0, 0], [0, 0, 0], [0, 0, 0], [0, 0, 0], [1, 1, 1], [1, 1, 1], [1, 1, 1], [1, 0, 0]]"
12,2,"[[0, 0, 0], [0, 0, 0], [0, 0, 1], [1, 0, 0], [0, 0, 0], [0, 0, 0], [0, 1, 1], [1, 1, 1], [1, 1, 0], [1, 0, 0]]"
13,6,"[[0, 0, 1], [0, 0, 0], [0, 0, 1], [1, 0, 0], [0, 0, 1], [0, 0, 0], [0, 1, 0], [1, 1, 0], [1, 1, 0], [1, 0, 0]]"
14,2,"[[0, 0, 1], [0, 0, 0], [1, 0, 1], [1, 0, 0], [0, 0, 1], [0, 1, 0], [0, 1, 0], [1, 1, 0], [0, 0, 0], [0, 0, 0]]"
15,3,"[[0, 0, 1], [0, 0, 0], [1, 0, 1], [1, 0, 0], [0, 0, 1], [0, 1, 0], [0, 1, 0], [1, 1, 0], [0, 0, 0], [1, 0, 0]]"
16,8,"[[0, 0, 0], [1, 0, 0], [1, 0, 1], [0, 0, 1], [0, 0, 1], [0, 1, 0], [1, 1, 0], [0, 1, 0], [0, 0, 0], [0, 0, 0]]"
17,0,"[[0, 0, 0], [1, 0, 0], [1, 0, 1], [0, 0, 1], [0, 0, 1], [0, 1, 0], [1, 1, 0], [0, 1, 0], [0, 0, 0], [1, 0, 0]]"
18,8,"[[0, 0, 0], [0, 0, 0], [0, 0, 0], [0, 0, 0], [0, 0, 0], [0, 0, 0], [1, 1, 1], [1, 1, 1], [1, 1, 1], [1, 0, 0]]"
19,2,"[[0, 0, 0], [0, 0, 0], [0, 0, 1], [1, 0, 0], [0, 0, 0], [0, 0, 0], [0, 1, 1], [1, 1, 1], [1, 1, 0], [1, 0, 0]]"
20,6,"[[0, 0, 1], [0, 0, 0], [0, 0, 1], [1, 0, 0], [0, 0, 1], [0, 0, 0], [0, 1, 0], [1, 1, 0], [1, 1, 0], [1, 0, 0]]"
21,2,"[[0, 0, 1], [0, 0, 0], [1, 0, 1], [1, 0, 0], [0, 0, 1], [0, 1, 0], [0, 1, 0], [1, 1, 0], [0, 0, 0], [0, 0, 0]]"
22,3,"[[0, 0, 1], [0, 0, 0], [1, 0, 1], [1, 0, 0], [0, 0, 1], [0, 1, 0], [0, 1, 0], [1, 1, 0], [0, 0, 0], [1, 0, 0]]"
23,8,"[[0, 0, 0], [1, 0, 0], [1, 0, 1], [0, 0, 1], [0, 0, 1], [0, 1, 0], [1, 1, 0], [0, 1, 0], [0, 0, 0], [0, 0, 0]]"
24,0,"[[0, 0, 0], [1, 0, 0], [1, 0, 1], [0, 0, 1], [0, 0, 1], [0, 1, 0], [1, 1, 0], [0, 1, 0], [0, 0, 0], [1, 0, 0]]"
25,8,"[[0, 0, 0], [0, 0, 0], [0, 0, 0], [0, 0, 0], [0, 0, 0], [0, 0, 0], [1, 1, 1], [1, 1, 1], [1, 1, 1], [1, 0, 0]]"
26,2,"[[0, 0, 0], [0, 0, 0], [0, 0, 1], [1, 0, 0], [0, 0, 0], [0, 0, 0], [0, 1, 1], [1, 1, 1], [1, 1, 0], [1, 0, 0]]"
27,6,"[[0, 0, 1], [0, 0, 0], [0, 0, 1], [1, 0, 0], [0, 0, 1], [0, 0, 0], [0, 1, 0], [1, 1, 0], [1, 1, 0], [1, 0, 0]]"
28,2,"[[0, 0, 1], [0, 0, 0], [1, 0, 1], [1, 0, 0], [0, 0, 1], [0, 1, 0], [0, 1, 0], [1, 1, 0], [0, 0, 0], [0, 0, 0]]"
29,3,"[[0, 0, 1], [0, 0, 0], [1, 0, 1], [1, 0, 0], [0, 0, 1], [0, 1, 0], [0, 1, 0], [1, 1, 0], [0, 0, 0], [1, 0, 0]]"
30,8,"[[0, 0, 0], [1, 0, 0], [1, 0, 1], [0, 0, 1], [0, 0, 1], [0, 1, 0], [1, 1, 0], [0, 1, 0], [0, 0, 0], [0, 0, 0]]"
31,0,"[[0, 0, 0], [1, 0, 0], [1, 0, 1], [0, 0, 1], [0, 0, 1], [0, 1, 0], [1, 1, 0], [0, 1, 0], [0, 0, 0], [1, 0, 0]]"
32,8,"[[0, 0, 0], [0, 0, 0], [0, 0, 0], [0, 0, 0], [0, 0, 0], [0, 0, 0], [1, 1, 1], [1, 1, 1], [1, 1, 1], [1, 0, 0]]"
33,2,"[[0, 0, 0], [0, 0, 0], [0, 0, 1], [1, 0, 0], [0, 0, 0], [0, 0, 0], [0, 1, 1], [1, 1, 1], [1, 1, 0], [1, 0, 0]]"
34,6,"[[0, 0, 1], [0, 0, 0], [0, 0, 1], [1, 0, 0], [0, 0, 1], [0, 0, 0], [0, 1, 0], [1, 1, 0], [1, 1, 0], [1, 0, 0]]"
35,2,"[[0, 0, 1], [0, 0, 0], [1, 0, 1], [1, 0, 0], [0, 0, 1], [0, 1, 0], [0, 1, 0], [1, 1, 0], [0, 0, 0], [0, 0, 0]]"
36,3,"[[0, 0, 1], [0, 0, 0], [1, 0, 1], [1, 0, 0], [0, 0, 1], [0, 1, 0], [0, 1, 0], [1, 1, 0], [0, 0, 0], [1, 0, 0]]"
37,8,"[[0, 0, 0], [1, 0, 0], [1, 0, 1], [0, 0, 1], [0, 0, 1], [0, 1, 0], [1, 1, 0], [0, 1, 0], [0, 0, 0], [0, 0, 0]]"
38,0,"[[0, 0, 0], [1, 0, 0], [1, 0, 1], [0, 0, 1], [0, 0, 1], [0, 1, 0], [1, 1, 0], [0, 1, 0], [0, 0, 0], [1, 0, 0]]"
39,8,"[[0, 0, 0], [0, 0, 0], [0, 0, 0], [0, 0, 0], [0, 0, 0], [0, 0, 0], [1, 1, 1], [1, 1, 1], [1, 1, 1], [1, 0, 0]]"
40,2,"[[0, 0, 0], [0, 0, 0], [0, 0, 1], [1, 0, 0], [0, 0, 0], [0, 0, 0], [0, 1, 1], [1, 1, 1], [1, 1, 0], [1, 0, 0]]"
41,6,"[[0, 0, 1], [0, 0, 0], [0, 0, 1], [1, 0, 0], [0, 0, 1], [0, 0, 0], [0, 1, 0], [1, 1, 0], [1, 1, 0], [1, 0, 0]]"
42,2,"[[0, 0, 1], [0, 0, 0], [1, 0, 1], [1, 0, 0], [0, 0, 1], [0, 1, 0], [0, 1, 0], [1, 1, 0], [0, 0, 0], [0, 0, 0]]"
43,3,"[[0, 0, 1], [0, 0, 0], [1, 0, 1], [1, 0, 0], [0, 0, 1], [0, 1, 0], [0, 1, 0], [1, 1, 0], [0, 0, 0], [1, 0, 0]]"
44,8,"[[0, 0, 0], [1, 0, 0], [1, 0, 1], [0, 0, 1], [0, 0, 1], [0, 1, 0], [1, 1, 0], [0, 1, 0], [0, 0, 0], [0, 0, 0]]"
45,0,"[[0, 0, 0], [1, 0, 0], [1, 0, 1], [0, 0, 1], [0, 0, 1], [0, 1, 0], [1, 1, 0], [0, 1, 0], [0, 0, 0], [1, 0, 0]]"
46,8,"[[0, 0, 0], [0, 0, 0], [0, 0, 0], [0, 0, 0], [0, 0, 0], [0, 0, 0], [1, 1, 1], [1, 1, 1], [1, 1, 1], [1, 0, 0]]"
47,2,"[[0, 0, 0], [0, 0, 0], [0, 0, 1], [1, 0, 0], [0, 0, 0], [0, 0, 0], [0, 1, 1], [1, 1, 1], [1, 1, 0], [1, 0, 0]]"
48,6,"[[0, 0, 1], [0, 0, 0], [0, 0, 1], [1, 0, 0], [0, 0, 1], [0, 0, 0], [0, 1, 0], [1, 1, 0], [1, 1, 0], [1, 0, 0]]"
49,2,"[[0, 0, 1], [0, 0, 0], [1, 0, 1], [1, 0, 0], [0, 0, 1], [0, 1, 0], [0, 1, 0], [1, 1, 0], [0, 0, 0], [0, 0, 0]]"
50,3,"[[0, 0, 1], [0, 0, 0], [1, 0, 1], [1, 0, 0], [0, 0, 1], [0, 1, 0], [0, 1, 0], [1, 1, 0], [0, 0, 0], [1, 0, 0]]"
51,8,"[[0, 0, 0], [1, 0, 0], [1, 0, 1], [0, 0, 1], [0, 0, 1], [0, 1, 0], [1, 1, 0], [0, 1, 0], [0, 0, 0], [0, 0, 0]]"
52,0,"[[0, 0, 0], [1, 0, 0], [1, 0, 1], [0, 0, 1], [0, 0, 1], [0, 1, 0], [1, 1, 0], [0, 1, 0], [0, 0, 0], [1, 0, 0]]"
53,8,"[[0, 0, 0], [0, 0, 0], [0, 0, 0], [0, 0, 0], [0, 0, 0], [0, 0, 0], [1, 1, 1], [1, 1, 1], [1, 1, 1], [1, 0, 0]]"
54,2,"[[0, 0, 0], [0, 0, 0], [0, 0, 1], [1, 0, 0], [0, 0, 0], [0, 0, 0], [0, 1, 1], [1, 1, 1], [1, 1, 0], [1, 0, 0]]"
55,6,"[[0, 0, 1], [0, 0, 0], [0, 0, 1], [1, 0, 0], [0, 0, 1], [0, 0, 0], [0, 1, 0], [1, 1, 0], [1, 1, 0], [1, 0, 0]]"
56,2,"[[0, 0, 1], [0, 0, 0], [1, 0, 1], [1, 0, 0], [0, 0, 1], [0, 1, 0], [0, 1, 0], [1, 1, 0], [0, 0, 0], [0, 0, 0]]"
57,3,"[[0, 0, 1], [0, 0, 0], [1, 0, 1], [1, 0, 0], [0, 0, 1], [0, 1, 0], [0, 1, 0], [1, 1, 0], [0, 0, 0], [1, 0, 0]]"
58,8,"[[0, 0, 0], [1, 0, 0], [1, 0, 1], [0, 0, 1], [0, 0, 1], [0, 1, 0], [1, 1, 0], [0, 1, 0], [0, 0, 0], [0, 0, 0]]"
59,0,"[[0, 0, 0], [1, 0, 0], [1, 0, 1], [0, 0, 1], [0, 0, 1], [0, 1, 0], [1, 1, 0], [0, 1, 0], [0, 0, 0], [1, 0, 0]]"
60,8,"[[0, 0, 0], [0, 0, 0], [0, 0, 0], [0, 0, 0], [0, 0, 0], [0, 0, 0], [1, 1, 1], [1, 1, 1], [1, 1, 1], [1, 0, 0]]"
61,2,"[[0, 0, 0], [0, 0, 0], [0, 0, 1], [1, 0, 0], [0, 0, 0], [0, 0, 0], [0, 1, 1], [1, 1, 1], [1, 1, 0], [1, 0, 0]]"
62,6,"[[0, 0, 1], [0, 0, 0], [0, 0, 1], [1, 0, 0], [0, 0, 1], [0, 0, 0], [0, 1, 0], [1, 1, 0], [1, 1, 0], [1, 0, 0]]"
63,2,"[[0, 0, 1], [0, 0, 0], [1, 0, 1], [1, 0, 0], [0, 0, 1], [0, 1, 0], [0, 1, 0], [1, 1, 0], [0, 0, 0], [0, 0, 0]]"
64,3,"[[0, 0, 1], [0, 0, 0], [1, 0, 1], [1, 0, 0], [0, 0, 1], [0, 1, 0], [0, 1, 0], [1, 1, 0], [0, 0, 0], [1, 0, 0]]"
65,8,"[[0, 0, 0], [1, 0, 0], [1, 0, 1], [0, 0, 1], [0, 0, 1], [0, 1, 0], [1, 1, 0], [0, 1, 0], [0, 0, 0], [0, 0, 0]]"
66,0,"[[0, 0, 0], [1, 0, 0], [1, 0, 1], [0, 0, 1], [0, 0, 1], [0, 1, 0], [1, 1, 0], [0, 1, 0], [0, 0, 0], [1, 0, 0]]"
67,8,"[[0, 0, 0], [0, 0, 0], [0, 0, 0], [0, 0, 0], [0, 0, 0], [0, 0, 0], [1, 1, 1], [1, 1, 1], [1, 1, 1], [1, 0, 0]]"
68,2,"[[0, 0, 0], [0, 0, 0], [0, 0, 1], [1, 0, 0], [0, 0, 0], [0, 0, 0], [0, 1, 1], [1, 1, 1], [1, 1, 0], [1, 0, 0]]"
69,6,"[[0, 0, 1], [0, 0, 0], [0, 0, 1], [1, 0, 0], [0, 0, 1], [0, 0, 0], [0, 1, 0], [1, 1, 0], [1, 1, 0], [1, 0, 0]]"
70,2,"[[0, 0, 1], [0, 0, 0], [1, 0, 1], [1, 0, 0], [0, 0, 1], [0, 1, 0], [0, 1, 0], [1, 1, 0], [0, 0, 0], [0, 0, 0]]"
71,3,"[[0, 0, 1], [0, 0, 0], [1, 0, 1], [1, 0, 0], [0, 0, 1], [0, 1, 0], [0, 1, 0], [1, 1, 0], [0, 0, 0], [1, 0, 0]]"
72,8,"[[0, 0, 0], [1, 0, 0], [1, 0, 1], [0, 0, 1], [0, 0, 1], [0, 1, 0], [1, 1, 0], [0, 1, 0], [0, 0, 0], [0, 0, 0]]"
73,0,"[[0, 0, 0], [1, 0, 0], [1, 0, 1], [0, 0, 1], [0, 0, 1], [0, 1, 0], [1, 1, 0], [0, 1, 0], [0, 0, 0], [1, 0, 0]]"
74,8,"[[0, 0, 0], [0, 0, 0], [0, 0, 0], [0, 0, 0], [0, 0, 0], [0, 0, 0], [1, 1, 1], [1, 1, 1], [1, 1, 1], [1, 0, 0]]"
75,0,"[[0, 0, 0], [0, 0, 0], [0, 0, 1], [0, 0, 1], [0, 0, 0], [0, 0, 0], [1, 1, 0], [1, 1, 1], [1, 1, 0], [1, 0, 0]]"
76,7,"[[1, 0, 0], [0, 0, 0], [0, 0, 1], [0, 0, 1], [0, 0, 0], [1, 0, 0], [0, 1, 0], [1, 1, 1], [0, 1, 0], [1, 0, 0]]"
77,7,"[[1, 0, 0], [0, 0, 0], [0, 1, 1], [0, 0, 1], [0, 0, 1], [1, 0, 0], [0, 1, 0], [1, 1, 0], [0, 0, 0], [0, 0, 0]]"
78,3,"[[1, 0, 0], [0, 0, 0], [0, 1, 1], [0, 0, 1], [0, 0, 1], [1, 0, 0], [0, 1, 0], [1, 1, 0], [0, 0, 0], [1, 0, 0]]"
79,0,"[[1, 0, 0], [1, 0, 0], [0, 0, 1], [0, 0, 0], [0, 0, 1], [1, 1, 0], [0, 1, 1], [0, 1, 0], [0, 0, 0], [0, 0, 0]]"
80,2,"[[1, 0, 0], [1, 0, 0], [0, 0, 1], [0, 0, 0], [0, 0, 1], [1, 1, 0], [0, 1, 1], [0, 1, 0], [0, 0, 0], [1, 0, 0]]"
81,3,"[[0, 0, 1], [1, 0, 0], [0, 0, 1], [1, 0, 0], [0, 0, 0], [1, 1, 0], [0, 1, 0], [0, 1, 1], [0, 0, 0], [0, 0, 0]]"
82,5,"[[0, 0, 1], [1, 0, 0], [0, 0, 1], [1, 0, 0], [0, 0, 0], [1, 1, 0], [0, 1, 0], [0, 1, 1], [0, 0, 0], [1, 0, 0]]"
83,8,"[[0, 0, 0], [0, 0, 0], [0, 0, 0], [0, 0, 0], [0, 0, 0], [0, 0, 0], [1, 1, 1], [1, 1, 1], [1, 1, 1], [1, 0, 0]]"
84,0,"[[0, 0, 0], [0, 0, 0], [0, 0, 1], [0, 0, 1], [0, 0, 0], [0, 0, 0], [1, 1, 0], [1, 1, 1], [1, 1, 0], [1, 0, 0]]"
85,6,"[[1, 0, 0], [0, 0, 0], [0, 0, 1], [0, 0, 1], [1, 0, 0], [0, 0, 0], [0, 1, 0], [0, 1, 1], [1, 1, 0], [1, 0, 0]]"
86,8,"[[1, 0, 0], [0, 0, 0], [1, 0, 1], [0, 0, 1], [1, 0, 0], [0, 1, 0], [0, 1, 0], [0, 1, 1], [0, 0, 0], [0, 0, 0]]"
87,4,"[[1, 0, 0], [0, 0, 0], [1, 0, 1], [0, 0, 1], [1, 0, 0], [0, 1, 0], [0, 1, 0], [0, 1, 1], [0, 0, 0], [1, 0, 0]]"
88,0,"[[1, 0, 0], [0, 1, 0], [1, 0, 0], [0, 0, 0], [1, 0, 0], [0, 1, 1], [0, 1, 1], [0, 0, 1], [0, 0, 0], [0, 0, 0]]"
89,2,"[[1, 0, 0], [0, 1, 0], [1, 0, 0], [0, 0, 0], [1, 0, 0], [0, 1, 1], [0, 1, 1], [0, 0, 1], [0, 0, 0], [1, 0, 0]]"
90,2,"[[0, 0, 0], [0, 0, 0], [0, 0, 1], [0, 0, 0], [0, 0, 0], [0, 0, 0], [1, 1, 1], [1, 1, 1], [1, 1, 0], [1, 1, 0]]"
91,6,"[[1, 0, 0], [0, 0, 0], [0, 0, 1], [0, 0, 1], [0, 0, 0], [0, 0, 0], [0, 1, 0], [1, 1, 1], [1, 1, 0], [1, 1, 0]]"
92,7,"[[1, 0, 0], [1, 0, 0], [0, 0, 1], [0, 0, 1], [0, 0, 0], [1, 0, 0], [0, 1, 0], [0, 1, 1], [0, 1, 0], [1, 1, 0]]"
93,2,"[[1, 0, 0], [1, 0, 1], [0, 0, 0], [0, 0, 1], [0, 0, 0], [1, 1, 0], [0, 1, 0], [0, 1, 0], [0, 0, 1], [0, 1, 0]]"
94,8,"[[1, 0, 0], [1, 0, 1], [0, 0, 0], [0, 0, 1], [0, 0, 0], [1, 1, 0], [0, 1, 0], [0, 1, 0], [0, 0, 1], [1, 1, 0]]"
95,2,"[[0, 0, 0], [0, 0, 0], [0, 0, 1], [0, 0, 0], [0, 0, 0], [0, 0, 0], [1, 1, 1], [1, 1, 1], [1, 1, 0], [1, 1, 0]]"
96,6,"[[1, 0, 0], [0, 0, 0], [0, 0, 1], [0, 0, 1], [0, 0, 0], [0, 0, 0], [0, 1, 0], [1, 1, 1], [1, 1, 0], [1, 1, 0]]"
97,3,"[[1, 0, 0], [0, 0, 0], [0, 1, 1], [0, 0, 1], [0, 0, 0], [1, 0, 0], [0, 1, 0], [1, 1, 1], [0, 0, 0], [1, 1, 0]]"
98,2,"[[1, 0, 0], [0, 0, 1], [0, 1, 0], [0, 0, 1], [1, 0, 0], [1, 0, 0], [0, 1, 0], [0, 1, 0], [0, 0, 1], [0, 1, 0]]"
99,8,"[[1, 0, 0], [0, 0, 1], [0, 1, 0], [0, 0, 1], [1, 0, 0], [1, 0, 0], [0, 1, 0], [0, 1, 0], [0, 0, 1], [1, 1, 0]]"
100,8,"[[0, 0, 1], [0, 0, 1], [0, 1, 0], [0, 0, 0], [1, 0, 0], [1, 0, 1], [1, 1, 0], [0, 1, 0], [0, 0, 0], [0, 1, 0]]"
101,0,"[[0, 0, 1], [0, 0, 1], [0, 1, 0], [0, 0, 0], [1, 0, 0], [1, 0, 1], [1, 1, 0], [0, 1, 0], [0, 0, 0], [1, 1, 0]]"
102,2,"[[0, 0, 0], [0, 0, 0], [0, 0, 1], [0, 0, 0], [0, 0, 0], [0, 0, 0], [1, 1, 1], [1, 1, 1], [1, 1, 0], [1, 1, 0]]"
103,6,"[[1, 0, 0], [0, 0, 0], [0, 0, 1], [0, 0, 1], [0, 0, 0], [0, 0, 0], [0, 1, 0], [1, 1, 1], [1, 1, 0], [1, 1, 0]]"
104,3,"[[1, 0, 0], [0, 0, 0], [0, 1, 1], [0, 0, 1], [0, 0, 0], [1, 0, 0], [0, 1, 0], [1, 1, 1], [0, 0, 0], [1, 1, 0]]"
105,2,"[[1, 0, 0], [0, 0, 1], [0, 0, 1], [0, 0, 1], [1, 0, 0], [1, 0, 0], [0, 1, 0], [0, 1, 0], [0, 1, 0], [0, 1, 0]]"
106,7,"[[1, 0, 0], [0, 0, 1], [0, 0, 1], [0, 0, 1], [1, 0, 0], [1, 0, 0], [0, 1, 0], [0, 1, 0], [0, 1, 0], [1, 1, 0]]"
107,3,"[[1, 0, 1], [0, 0, 1], [0, 0, 0], [0, 0, 0], [1, 0, 0], [1, 1, 0], [0, 1, 0], [0, 1, 0], [0, 0, 1], [0, 1, 0]]"
108,8,"[[1, 0, 1], [0, 0, 1], [0, 0, 0], [0, 0, 0], [1, 0, 0], [1, 1, 0], [0, 1, 0], [0, 1, 0], [0, 0, 1], [1, 1, 0]]"
109,2,"[[0, 0, 0], [0, 0, 0], [0, 0, 1], [0, 0, 0], [0, 0, 0], [0, 0, 0], [1, 1, 1], [1, 1, 1], [1, 1, 0], [1, 1, 0]]"
110,6,"[[1, 0, 0], [0, 0, 0], [0, 0, 1], [0, 0, 1], [0, 0, 0], [0, 0, 0], [0, 1, 0], [1, 1, 1], [1, 1, 0], [1, 1, 0]]"
111,3,"[[1, 0, 0], [0, 0, 0], [0, 1, 1], [0, 0, 1], [0, 0, 0], [1, 0, 0], [0, 1, 0], [1, 1, 1], [0, 0, 0], [1, 1, 0]]"
112,2,"[[1, 0, 0], [0, 0, 1], [0, 0, 1], [0, 0, 1], [1, 0, 0], [1, 0, 0], [0, 1, 0], [0, 1, 0], [0, 1, 0], [0, 1, 0]]"
113,7,"[[1, 0, 0], [0, 0, 1], [0, 0, 1], [0, 0, 1], [1, 0, 0], [1, 0, 0], [0, 1, 0], [0, 1, 0], [0, 1, 0], [1, 1, 0]]"
114,3,"[[1, 0, 1], [0, 0, 1], [0, 0, 0], [0, 0, 0], [1, 0, 0], [1, 1, 0], [0, 1, 0], [0, 1, 0], [0, 0, 1], [0, 1, 0]]"
115,8,"[[1, 0, 1], [0, 0, 1], [0, 0, 0], [0, 0, 0], [1, 0, 0], [1, 1, 0], [0, 1, 0], [0, 1, 0], [0, 0, 1], [1, 1, 0]]"
116,8,"[[0, 0, 1], [0, 0, 0], [0, 0, 0], [0, 0, 0], [0, 0, 0], [0, 0, 0], [1, 1, 0], [1, 1, 1], [1, 1, 1], [1, 1, 0]]"
117,0,"[[0, 0, 1], [0, 0, 0], [1, 0, 0], [0, 0, 0], [0, 0, 0], [0, 0, 1], [1, 1, 0], [1, 1, 1], [0, 1, 0], [1, 1, 0]]"
118,7,"[[0, 0, 1], [1, 0, 0], [1, 0, 0], [1, 0, 0], [0, 0, 0], [0, 0, 1], [0, 1, 0], [0, 1, 1], [0, 1, 0], [1, 1, 0]]"
119,8,"[[0, 0, 0], [1, 0, 1], [1, 0, 0], [1, 0, 0], [0, 0, 0], [0, 1, 1], [0, 1, 1], [0, 1, 0], [0, 0, 0], [0, 1, 0]]"
120,2,"[[0, 0, 0], [1, 0, 1], [1, 0, 0], [1, 0, 0], [0, 0, 0], [0, 1, 1], [0, 1, 1], [0, 1, 0], [0, 0, 0], [1, 1, 0]]"
121,2,"[[0, 0, 0], [0, 0, 1], [1, 0, 1], [1, 0, 1], [0, 0, 0], [0, 1, 0], [0, 1, 0], [1, 1, 0], [0, 0, 0], [0, 1, 0]]"
122,3,"[[0, 0, 0], [0, 0, 1], [1, 0, 1], [1, 0, 1], [0, 0, 0], [0, 1, 0], [0, 1, 0], [1, 1, 0], [0, 0, 0], [1, 1, 0]]"
123,0,"[[0, 0, 1], [0, 0, 1], [1, 0, 0], [1, 0, 0], [1, 0, 0], [0, 1, 0], [0, 1, 0], [0, 1, 0], [0, 0, 1], [0, 1, 0]]"
124,8,"[[0, 0, 1], [0, 0, 1], [1, 0, 0], [1, 0, 0], [1, 0, 0], [0, 1, 0], [0, 1, 0], [0, 1, 0], [0, 0, 1], [1, 1, 0]]"
125,8,"[[1, 0, 0], [0, 0, 1], [1, 0, 0], [0, 0, 0], [1, 0, 0], [0, 1, 1], [0, 1, 1], [0, 1, 0], [0, 0, 0], [0, 1, 0]]"
126,2,"[[1, 0, 0], [0, 0, 1], [1, 0, 0], [0, 0, 0], [1, 0, 0], [0, 1, 1], [0, 1, 1], [0, 1, 0], [0, 0, 0], [1, 1, 0]]"
127,2,"[[1, 0, 0], [0, 0, 1], [0, 0, 1], [0, 0, 1], [1, 0, 0], [0, 1, 0], [0, 1, 0], [0, 1, 0], [1, 0, 0], [0, 1, 0]]"
128,6,"[[1, 0, 0], [0, 0, 1], [0, 0, 1], [0, 0, 1], [1, 0, 0], [0, 1, 0], [0, 1, 0], [0, 1, 0], [1, 0, 0], [1, 1, 0]]"
129,3,"[[1, 0, 1], [0, 0, 1], [0, 0, 0], [0, 0, 0], [1, 0, 0], [1, 1, 0], [0, 1, 0], [0, 1, 0], [0, 0, 1], [0, 1, 0]]"
130,8,"[[1, 0, 1], [0, 0, 1], [0, 0, 0], [0, 0, 0], [1, 0, 0], [1, 1, 0], [0, 1, 0], [0, 1, 0], [0, 0, 1], [1, 1, 0]]"
131,8,"[[0, 0, 0], [0, 0, 0], [0, 0, 0], [0, 0, 0], [0, 0, 0], [0, 0, 0], [1, 1, 1], [1, 1, 1], [1, 1, 1], [1, 0, 0]]"
132,6,"[[0, 0, 0], [0, 0, 0], [0, 0, 1], [0, 0, 1], [0, 0, 0], [0, 0, 0], [1, 1, 0], [1, 1, 1], [1, 1, 0], [1, 0, 0]]"
133,7,"[[0, 0, 0], [0, 0, 0], [1, 0, 1], [1, 0, 1], [0, 0, 0], [0, 0, 0], [0, 1, 0], [1, 1, 1], [0, 1, 0], [1, 0, 0]]"
134,8,"[[0, 0, 0], [0, 0, 0], [0, 0, 0], [0, 0, 0], [0, 0, 0], [0, 0, 0], [1, 1, 1], [1, 1, 1], [1, 1, 1], [1, 0, 0]]"
135,6,"[[0, 0, 0], [0, 0, 0], [0, 0, 1], [0, 0, 1], [0, 0, 0], [0, 0, 0], [1, 1, 0], [1, 1, 1], [1, 1, 0], [1, 0, 0]]"
136,7,"[[0, 0, 0], [0, 0, 0], [1, 0, 1], [1, 0, 1], [0, 0, 0], [0, 0, 0], [0, 1, 0], [1, 1, 1], [0, 1, 0], [1, 0, 0]]"
137,8,"[[0, 0, 0], [0, 0, 0], [0, 0, 0], [0, 0, 0], [0, 0, 0], [0, 0, 0], [1, 1, 1], [1, 1, 1], [1, 1, 1], [1, 0, 0]]"
138,6,"[[0, 0, 0], [0, 0, 0], [0, 0, 1], [0, 0, 1], [0, 0, 0], [0, 0, 0], [1, 1, 0], [1, 1, 1], [1, 1, 0], [1, 0, 0]]"
139,7,"[[0, 0, 0], [0, 0, 0], [1, 0, 1], [1, 0, 1], [0, 0, 0], [0, 0, 0], [0, 1, 0], [1, 1, 1], [0, 1, 0], [1, 0, 0]]"
140,8,"[[0, 0, 0], [0, 0, 0], [0, 0, 0], [0, 0, 0], [0, 0, 0], [0, 0, 0], [1, 1, 1], [1, 1, 1], [1, 1, 1], [1, 0, 0]]"
141,6,"[[0, 0, 0], [0, 0, 0], [0, 0, 1], [0, 0, 1], [0, 0, 0], [0, 0, 0], [1, 1, 0], [1, 1, 1], [1, 1, 0], [1, 0, 0]]"
142,7,"[[0, 0, 0], [0, 0, 0], [1, 0, 1], [1, 0, 1], [0, 0, 0], [0, 0, 0], [0, 1, 0], [1, 1, 1], [0, 1, 0], [1, 0, 0]]"
143,8,"[[0, 0, 0], [0, 0, 0], [0, 0, 0], [0, 0, 0], [0, 0, 0], [0, 0, 0], [1, 1, 1], [1, 1, 1], [1, 1, 1], [1, 0, 0]]"
144,6,"[[0, 0, 0], [0, 0, 0], [0, 0, 1], [0, 0, 1], [0, 0, 0], [0, 0, 0], [1, 1, 0], [1, 1, 1], [1, 1, 0], [1, 0, 0]]"
145,7,"[[0, 0, 0], [0, 0, 0], [1, 0, 1], [1, 0, 1], [0, 0, 0], [0, 0, 0], [0, 1, 0], [1, 1, 1], [0, 1, 0], [1, 0, 0]]"
146,8,"[[0, 0, 0], [0, 0, 0], [0, 0, 0], [0, 0, 0], [0, 0, 0], [0, 0, 0], [1, 1, 1], [1, 1, 1], [1, 1, 1], [1, 0, 0]]"
147,6,"[[0, 0, 0], [0, 0, 0], [0, 0, 1], [0, 0, 1], [0, 0, 0], [0, 0, 0], [1, 1, 0], [1, 1, 1], [1, 1, 0], [1, 0, 0]]"
148,7,"[[0, 0, 0], [0, 0, 0], [1, 0, 1], [1, 0, 1], [0, 0, 0], [0, 0, 0], [0, 1, 0], [1, 1, 1], [0, 1, 0], [1, 0, 0]]"
149,8,"[[0, 0, 0], [0, 0, 0], [0, 0, 0], [0, 0, 0], [0, 0, 0], [0, 0, 0], [1, 1, 1], [1, 1, 1], [1, 1, 1], [1, 0, 0]]"
150,6,"[[0, 0, 0], [0, 0, 0], [0, 0, 1], [0, 0, 1], [0, 0, 0], [0, 0, 0], [1, 1, 0], [1, 1, 1], [1, 1, 0], [1, 0, 0]]"
151,7,"[[0, 0, 0], [0, 0, 0], [1, 0, 1], [1, 0, 1], [0, 0, 0], [0, 0, 0], [0, 1, 0], [1, 1, 1], [0, 1, 0], [1, 0, 0]]"
152,8,"[[0, 0, 0], [0, 0, 0], [0, 0, 0], [0, 0, 0], [0, 0, 0], [0, 0, 0], [1, 1, 1], [1, 1, 1], [1, 1, 1], [1, 0, 0]]"
153,6,"[[0, 0, 0], [0, 0, 0], [0, 0, 1], [0, 0, 1], [0, 0, 0], [0, 0, 0], [1, 1, 0], [1, 1, 1], [1, 1, 0], [1, 0, 0]]"
154,7,"[[0, 0, 0], [0, 0, 0], [1, 0, 1], [1, 0, 1], [0, 0, 0], [0, 0, 0], [0, 1, 0], [1, 1, 1], [0, 1, 0], [1, 0, 0]]"
155,8,"[[0, 0, 0], [0, 0, 0], [0, 0, 0], [0, 0, 0], [0, 0, 0], [0, 0, 0], [1, 1, 1], [1, 1, 1], [1, 1, 1], [1, 0, 0]]"
156,6,"[[0, 0, 0], [0, 0, 0], [0, 0, 1], [0, 0, 1], [0, 0, 0], [0, 0, 0], [1, 1, 0], [1, 1, 1], [1, 1, 0], [1, 0, 0]]"
157,7,"[[0, 0, 0], [0, 0, 0], [1, 0, 1], [1, 0, 1], [0, 0, 0], [0, 0, 0], [0, 1, 0], [1, 1, 1], [0, 1, 0], [1, 0, 0]]"
158,8,"[[0, 0, 0], [0, 0, 0], [0, 0, 0], [0, 0, 0], [0, 0, 0], [0, 0, 0], [1, 1, 1], [1, 1, 1], [1, 1, 1], [1, 0, 0]]"
159,6,"[[0, 0, 0], [0, 0, 0], [0, 0, 1], [0, 0, 1], [0, 0, 0], [0, 0, 0], [1, 1, 0], [1, 1, 1], [1, 1, 0], [1, 0, 0]]"
160,7,"[[0, 0, 0], [0, 0, 0], [1, 0, 1], [1, 0, 1], [0, 0, 0], [0, 0, 0], [0, 1, 0], [1, 1, 1], [0, 1, 0], [1, 0, 0]]"
161,8,"[[0, 0, 0], [0, 0, 0], [0, 0, 0], [0, 0, 0], [0, 0, 0], [0, 0, 0], [1, 1, 1], [1, 1, 1], [1, 1, 1], [1, 0, 0]]"
162,6,"[[0, 0, 0], [0, 0, 0], [0, 0, 1], [0, 0, 1], [0, 0, 0], [0, 0, 0], [1, 1, 0], [1, 1, 1], [1, 1, 0], [1, 0, 0]]"
163,7,"[[0, 0, 0], [0, 0, 0], [1, 0, 1], [1, 0, 1], [0, 0, 0], [0, 0, 0], [0, 1, 0], [1, 1, 1], [0, 1, 0], [1, 0, 0]]"
164,8,"[[0, 0, 0], [0, 0, 0], [0, 0, 0], [0, 0, 0], [0, 0, 0], [0, 0, 0], [1, 1, 1], [1, 1, 1], [1, 1, 1], [1, 0, 0]]"
165,0,"[[0, 0, 0], [0, 0, 0], [0, 0, 1], [0, 0, 1], [0, 0, 0], [0, 0, 0], [1, 1, 0], [1, 1, 1], [1, 1, 0], [1, 0, 0]]"
166,7,"[[1, 0, 0], [0, 0, 0], [0, 0, 1], [0, 0, 1], [0, 0, 0], [1, 0, 0], [0, 1, 0], [1, 1, 1], [0, 1, 0], [1, 0, 0]]"
167,7,"[[1, 0, 0], [0, 0, 0], [0, 1, 1], [0, 0, 1], [1, 0, 0], [1, 0, 0], [0, 1, 0], [0, 1, 1], [0, 0, 0], [0, 0, 0]]"
168,4,"[[1, 0, 0], [0, 0, 0], [0, 1, 1], [0, 0, 1], [1, 0, 0], [1, 0, 0], [0, 1, 0], [0, 1, 1], [0, 0, 0], [1, 0, 0]]"
169,8,"[[0, 0, 0], [0, 0, 0], [0, 0, 0], [0, 0, 0], [0, 0, 0], [0, 0, 0], [1, 1, 1], [1, 1, 1], [1, 1, 1], [1, 0, 0]]"
170,6,"[[0, 0, 0], [0, 0, 0], [0, 0, 1], [0, 0, 1], [0, 0, 0], [0, 0, 0], [1, 1, 0], [1, 1, 1], [1, 1, 0], [1, 0, 0]]"
171,7,"[[0, 0, 0], [0, 0, 0], [1, 0, 1], [1, 0, 1], [0, 0, 0], [0, 0, 0], [0, 1, 0], [1, 1, 1], [0, 1, 0], [1, 0, 0]]"
172,8,"[[0, 0, 0], [0, 0, 0], [0, 0, 0], [0, 0, 0], [0, 0, 0], [0, 0, 0], [1, 1, 1], [1, 1, 1], [1, 1, 1], [1, 0, 0]]"
173,6,"[[0, 0, 0], [0, 0, 0], [0, 0, 1], [0, 0, 1], [0, 0, 0], [0, 0, 0], [1, 1, 0], [1, 1, 1], [1, 1, 0], [1, 0, 0]]"
174,7,"[[0, 0, 0], [0, 0, 0], [1, 0, 1], [1, 0, 1], [0, 0, 0], [0, 0, 0], [0, 1, 0], [1, 1, 1], [0, 1, 0], [1, 0, 0]]"
175,8,"[[0, 0, 0], [0, 0, 0], [0, 0, 0], [0, 0, 0], [0, 0, 0], [0, 0, 0], [1, 1, 1], [1, 1, 1], [1, 1, 1], [1, 0, 0]]"
176,6,"[[0, 0, 0], [0, 0, 0], [0, 0, 1], [0, 0, 1], [0, 0, 0], [0, 0, 0], [1, 1, 0], [1, 1, 1], [1, 1, 0], [1, 0, 0]]"
177,7,"[[0, 0, 0], [0, 0, 0], [1, 0, 1], [1, 0, 1], [0, 0, 0], [0, 0, 0], [0, 1, 0], [1, 1, 1], [0, 1, 0], [1, 0, 0]]"
178,8,"[[0, 0, 0], [0, 0, 0], [0, 0, 0], [0, 0, 0], [0, 0, 0], [0, 0, 0], [1, 1, 1], [1, 1, 1], [1, 1, 1], [1, 0, 0]]"
179,6,"[[0, 0, 0], [0, 0, 0], [0, 0, 1], [0, 0, 1], [0, 0, 0], [0, 0, 0], [1, 1, 0], [1, 1, 1], [1, 1, 0], [1, 0, 0]]"
180,7,"[[0, 0, 0], [0, 0, 0], [1, 0, 1], [1, 0, 1], [0, 0, 0], [0, 0, 0], [0, 1, 0], [1, 1, 1], [0, 1, 0], [1, 0, 0]]"
181,8,"[[0, 0, 0], [0, 0, 0], [0, 0, 0], [0, 0, 0], [0, 0, 0], [0, 0, 0], [1, 1, 1], [1, 1, 1], [1, 1, 1], [1, 0, 0]]"
182,6,"[[0, 0, 0], [0, 0, 0], [0, 0, 1], [0, 0, 1], [0, 0, 0], [0, 0, 0], [1, 1, 0], [1, 1, 1], [1, 1, 0], [1, 0, 0]]"
183,7,"[[0, 0, 0], [0, 0, 0], [1, 0, 1], [0, 0, 1], [1, 0, 0], [0, 0, 0], [1, 1, 0], [0, 1, 1], [0, 1, 0], [1, 0, 0]]"
184,6,"[[0, 0, 0], [0, 0, 0], [0, 0, 1], [0, 0, 0], [0, 0, 0], [0, 0, 0], [1, 1, 1], [1, 1, 1], [1, 1, 0], [1, 1, 0]]"
185,3,"[[0, 0, 1], [0, 0, 0], [0, 0, 1], [0, 0, 0], [0, 0, 0], [1, 0, 0], [1, 1, 0], [1, 1, 1], [0, 1, 0], [1, 1, 0]]"
186,0,"[[0, 0, 1], [0, 0, 0], [0, 1, 1], [0, 0, 0], [1, 0, 0], [1, 0, 0], [1, 1, 0], [0, 1, 1], [0, 0, 0], [1, 1, 0]]"
187,6,"[[0, 0, 0], [0, 0, 0], [0, 0, 1], [0, 0, 0], [0, 0, 0], [0, 0, 0], [1, 1, 1], [1, 1, 1], [1, 1, 0], [1, 1, 0]]"
188,7,"[[0, 0, 1], [0, 0, 0], [0, 0, 1], [0, 0, 0], [0, 0, 0], [1, 0, 0], [1, 1, 0], [1, 1, 1], [0, 1, 0], [1, 1, 0]]"
189,3,"[[1, 0, 1], [0, 0, 0], [0, 0, 1], [0, 0, 0], [0, 0, 0], [1, 1, 0], [0, 1, 0], [1, 1, 1], [0, 0, 0], [1, 1, 0]]"
190,3,"[[1, 0, 1], [0, 0, 1], [0, 0, 0], [0, 0, 0], [1, 0, 0], [1, 1, 0], [0, 1, 0], [0, 1, 0], [0, 0, 1], [0, 1, 0]]"
191,8,"[[1, 0, 1], [0, 0, 1], [0, 0, 0], [0, 0, 0], [1, 0, 0], [1, 1, 0], [0, 1, 0], [0, 1, 0], [0, 0, 1], [1, 1, 0]]"
192,6,"[[0, 0, 0], [0, 0, 0], [0, 0, 1], [0, 0, 0], [0, 0, 0], [0, 0, 0], [1, 1, 1], [1, 1, 1], [1, 1, 0], [1, 1, 0]]"
193,3,"[[0, 0, 1], [0, 0, 0], [0, 0, 1], [0, 0, 0], [0, 0, 0], [1, 0, 0], [1, 1, 0], [1, 1, 1], [0, 1, 0], [1, 1, 0]]"
194,0,"[[0, 0, 1], [0, 0, 0], [0, 1, 1], [0, 0, 0], [1, 0, 0], [1, 0, 0], [1, 1, 0], [0, 1, 1], [0, 0, 0], [1, 1, 0]]"
195,6,"[[0, 0, 0], [0, 0, 0], [0, 0, 1], [0, 0, 0], [0, 0, 0], [0, 0, 0], [1, 1, 1], [1, 1, 1], [1, 1, 0], [1, 1, 0]]"
196,3,"[[0, 0, 1], [0, 0, 0], [0, 0, 1], [0, 0, 0], [0, 0, 0], [1, 0, 0], [1, 1, 0], [1, 1, 1], [0, 1, 0], [1, 1, 0]]"
197,7,"[[1, 0, 1], [0, 0, 0], [0, 0, 1], [0, 0, 0], [1, 0, 0], [1, 0, 0], [0, 1, 0], [0, 1, 1], [0, 1, 0], [1, 1, 0]]"
198,3,"[[1, 0, 1], [0, 0, 1], [0, 0, 0], [0, 0, 0], [1, 0, 0], [1, 1, 0], [0, 1, 0], [0, 1, 0], [0, 0, 1], [0, 1, 0]]"
199,8,"[[1, 0, 1], [0, 0, 1], [0, 0, 0], [0, 0, 0], [1, 0, 0], [1, 1, 0], [0, 1, 0], [0, 1, 0], [0, 0, 1], [1, 1, 0]]"
200,6,"[[0, 0, 0], [0, 0, 0], [0, 0, 1], [0, 0, 0], [0, 0, 0], [0, 0, 0], [1, 1, 1], [1, 1, 1], [1, 1, 0], [1, 1, 0]]"
201,3,"[[0, 0, 1], [0, 0, 0], [0, 0, 1], [0, 0, 0], [0, 0, 0], [1, 0, 0], [1, 1, 0], [1, 1, 1], [0, 1, 0], [1, 1, 0]]"
202,7,"[[1, 0, 1], [0, 0, 0], [0, 0, 1], [0, 0, 0], [1, 0, 0], [1, 0, 0], [0, 1, 0], [0, 1, 1], [0, 1, 0], [1, 1, 0]]"
203,3,"[[1, 0, 1], [0, 0, 1], [0, 0, 0], [0, 0, 0], [1, 0, 0], [1, 1, 0], [0, 1, 0], [0, 1, 0], [0, 0, 1], [0, 1, 0]]"
204,8,"[[1, 0, 1], [0, 0, 1], [0, 0, 0], [0, 0, 0], [1, 0, 0], [1, 1, 0], [0, 1, 0], [0, 1, 0], [0, 0, 1], [1, 1, 0]]"
205,6,"[[0, 0, 0], [0, 0, 0], [0, 0, 1], [0, 0, 0], [0, 0, 0], [0, 0, 0], [1, 1, 1], [1, 1, 1], [1, 1, 0], [1, 1, 0]]"
206,3,"[[0, 0, 1], [0, 0, 0], [0, 0, 1], [0, 0, 0], [0, 0, 0], [1, 0, 0], [1, 1, 0], [1, 1, 1], [0, 1, 0], [1, 1, 0]]"
207,7,"[[1, 0, 1], [0, 0, 0], [0, 0, 1], [0, 0, 0], [1, 0, 0], [1, 0, 0], [0, 1, 0], [0, 1, 1], [0, 1, 0], [1, 1, 0]]"
208,3,"[[1, 0, 1], [0, 1, 0], [0, 0, 0], [0, 0, 0], [1, 0, 0], [1, 1, 0], [0, 1, 0], [0, 0, 1], [0, 0, 1], [0, 1, 0]]"
209,8,"[[1, 0, 1], [0, 1, 0], [0, 0, 0], [0, 0, 0], [1, 0, 0], [1, 1, 0], [0, 1, 0], [0, 0, 1], [0, 0, 1], [1, 1, 0]]"
210,6,"[[0, 0, 0], [0, 0, 0], [0, 0, 1], [0, 0, 0], [0, 0, 0], [0, 0, 0], [1, 1, 1], [1, 1, 1], [1, 1, 0], [1, 1, 0]]"
211,3,"[[0, 0, 1], [0, 0, 0], [0, 0, 1], [0, 0, 0], [0, 0, 0], [1, 0, 0], [1, 1, 0], [1, 1, 1], [0, 1, 0], [1, 1, 0]]"
212,7,"[[1, 0, 1], [0, 0, 0], [0, 0, 1], [0, 0, 0], [1, 0, 0], [1, 0, 0], [0, 1, 0], [0, 1, 1], [0, 1, 0], [1, 1, 0]]"
213,3,"[[1, 0, 1], [0, 1, 0], [0, 0, 0], [0, 0, 0], [1, 0, 0], [1, 1, 0], [0, 1, 0], [0, 0, 1], [0, 0, 1], [0, 1, 0]]"
214,8,"[[1, 0, 1], [0, 1, 0], [0, 0, 0], [0, 0, 0], [1, 0, 0], [1, 1, 0], [0, 1, 0], [0, 0, 1], [0, 0, 1], [1, 1, 0]]"
215,6,"[[0, 0, 0], [0, 0, 0], [0, 0, 1], [0, 0, 0], [0, 0, 0], [0, 0, 0], [1, 1, 1], [1, 1, 1], [1, 1, 0], [1, 1, 0]]"
216,3,"[[0, 0, 1], [0, 0, 0], [0, 0, 1], [0, 0, 0], [0, 0, 0], [1, 0, 0], [1, 1, 0], [1, 1, 1], [0, 1, 0], [1, 1, 0]]"
217,7,"[[1, 0, 1], [0, 0, 0], [0, 0, 1], [0, 0, 0], [1, 0, 0], [1, 0, 0], [0, 1, 0], [0, 1, 1], [0, 1, 0], [1, 1, 0]]"
218,3,"[[1, 0, 1], [0, 1, 0], [0, 0, 0], [0, 0, 0], [1, 0, 0], [1, 1, 0], [0, 1, 0], [0, 0, 1], [0, 0, 1], [0, 1, 0]]"
219,8,"[[1, 0, 1], [0, 1, 0], [0, 0, 0], [0, 0, 0], [1, 0, 0], [1, 1, 0], [0, 1, 0], [0, 0, 1], [0, 0, 1], [1, 1, 0]]"
220,6,"[[0, 0, 0], [0, 0, 0], [0, 0, 1], [0, 0, 0], [0, 0, 0], [0, 0, 0], [1, 1, 1], [1, 1, 1], [1, 1, 0], [1, 1, 0]]"
221,3,"[[0, 0, 1], [0, 0, 0], [0, 0, 1], [0, 0, 0], [0, 0, 0], [1, 0, 0], [1, 1, 0], [1, 1, 1], [0, 1, 0], [1, 1, 0]]"
222,7,"[[1, 0, 1], [0, 0, 0], [0, 0, 1], [0, 0, 0], [1, 0, 0], [1, 0, 0], [0, 1, 0], [0, 1, 1], [0, 1, 0], [1, 1, 0]]"
223,3,"[[1, 0, 1], [0, 1, 0], [0, 0, 0], [0, 0, 0], [1, 0, 0], [1, 1, 0], [0, 1, 0], [0, 0, 1], [0, 0, 1], [0, 1, 0]]"
224,8,"[[1, 0, 1], [0, 1, 0], [0, 0, 0], [0, 0, 0], [1, 0, 0], [1, 1, 0], [0, 1, 0], [0, 0, 1], [0, 0, 1], [1, 1, 0]]"
225,6,"[[0, 0, 0], [0, 0, 0], [0, 0, 1], [0, 0, 0], [0, 0, 0], [0, 0, 0], [1, 1, 1], [1, 1, 1], [1, 1, 0], [1, 1, 0]]"
226,3,"[[0, 0, 1], [0, 0, 0], [0, 0, 1], [0, 0, 0], [0, 0, 0], [1, 0, 0], [1, 1, 0], [1, 1, 1], [0, 1, 0], [1, 1, 0]]"
227,7,"[[1, 0, 1], [0, 0, 0], [0, 0, 1], [0, 0, 0], [1, 0, 0], [1, 0, 0], [0, 1, 0], [0, 1, 1], [0, 1, 0], [1, 1, 0]]"
228,3,"[[1, 0, 1], [0, 1, 0], [0, 0, 0], [0, 0, 0], [1, 0, 0], [1, 1, 0], [0, 1, 0], [0, 0, 1], [0, 0, 1], [0, 1, 0]]"
229,8,"[[1, 0, 1], [0, 1, 0], [0, 0, 0], [0, 0, 0], [1, 0, 0], [1, 1, 0], [0, 1, 0], [0, 0, 1], [0, 0, 1], [1, 1, 0]]"
230,6,"[[0, 0, 0], [0, 0, 0], [0, 0, 1], [0, 0, 0], [0, 0, 0], [0, 0, 0], [1, 1, 1], [1, 1, 1], [1, 1, 0], [1, 1, 0]]"
231,3,"[[0, 0, 1], [0, 0, 0], [0, 0, 1], [0, 0, 0], [0, 0, 0], [1, 0, 0], [1, 1, 0], [1, 1, 1], [0, 1, 0], [1, 1, 0]]"
232,7,"[[1, 0, 1], [0, 0, 0], [0, 0, 1], [0, 0, 0], [1, 0, 0], [1, 0, 0], [0, 1, 0], [0, 1, 1], [0, 1, 0], [1, 1, 0]]"
233,3,"[[1, 0, 1], [0, 1, 0], [0, 0, 0], [0, 0, 0], [1, 0, 0], [1, 1, 0], [0, 1, 0], [0, 0, 1], [0, 0, 1], [0, 1, 0]]"
234,8,"[[1, 0, 1], [0, 1, 0], [0, 0, 0], [0, 0, 0], [1, 0, 0], [1, 1, 0], [0, 1, 0], [0, 0, 1], [0, 0, 1], [1, 1, 0]]"
235,6,"[[0, 0, 0], [0, 0, 0], [0, 0, 1], [0, 0, 0], [0, 0, 0], [0, 0, 0], [1, 1, 1], [1, 1, 1], [1, 1, 0], [1, 1, 0]]"
236,3,"[[0, 0, 1], [0, 0, 0], [0, 0, 1], [0, 0, 0], [0, 0, 0], [1, 0, 0], [1, 1, 0], [1, 1, 1], [0, 1, 0], [1, 1, 0]]"
237,0,"[[0, 0, 1], [0, 0, 0], [0, 1, 1], [0, 0, 0], [1, 0, 0], [1, 0, 0], [1, 1, 0], [0, 1, 1], [0, 0, 0], [1, 1, 0]]"
238,6,"[[0, 0, 0], [0, 0, 0], [0, 0, 1], [0, 0, 0], [0, 0, 0], [0, 0, 0], [1, 1, 1], [1, 1, 1], [1, 1, 0], [1, 1, 0]]"
239,3,"[[0, 0, 1], [0, 0, 0], [0, 0, 1], [0, 0, 0], [0, 0, 0], [1, 0, 0], [1, 1, 0], [1, 1, 1], [0, 1, 0], [1, 1, 0]]"
240,7,"[[1, 0, 1], [0, 0, 0], [0, 0, 1], [0, 0, 0], [1, 0, 0], [1, 0, 0], [0, 1, 0], [0, 1, 1], [0, 1, 0], [1, 1, 0]]"
241,3,"[[1, 0, 1], [0, 1, 0], [0, 0, 0], [0, 0, 0], [1, 0, 0], [1, 1, 0], [0, 1, 0], [0, 0, 1], [0, 0, 1], [0, 1, 0]]"
242,8,"[[1, 0, 1], [0, 1, 0], [0, 0, 0], [0, 0, 0], [1, 0, 0], [1, 1, 0], [0, 1, 0], [0, 0, 1], [0, 0, 1], [1, 1, 0]]"
243,6,"[[0, 0, 0], [0, 0, 0], [0, 0, 1], [0, 0, 0], [0, 0, 0], [0, 0, 0], [1, 1, 1], [1, 1, 1], [1, 1, 0], [1, 1, 0]]"
244,3,"[[0, 0, 1], [0, 0, 0], [0, 0, 1], [0, 0, 0], [0, 0, 0], [1, 0, 0], [1, 1, 0], [1, 1, 1], [0, 1, 0], [1, 1, 0]]"
245,7,"[[1, 0, 1], [0, 0, 0], [0, 0, 1], [0, 0, 0], [1, 0, 0], [1, 0, 0], [0, 1, 0], [0, 1, 1], [0, 1, 0], [1, 1, 0]]"
246,3,"[[1, 0, 1], [0, 1, 0], [0, 0, 0], [0, 0, 0], [1, 0, 0], [1, 1, 0], [0, 1, 0], [0, 0, 1], [0, 0, 1], [0, 1, 0]]"
247,8,"[[1, 0, 1], [0, 1, 0], [0, 0, 0], [0, 0, 0], [1, 0, 0], [1, 1, 0], [0, 1, 0], [0, 0, 1], [0, 0, 1], [1, 1, 0]]"
248,6,"[[0, 0, 0], [0, 0, 0], [0, 0, 1], [0, 0, 0], [0, 0, 0], [0, 0, 0], [1, 1, 1], [1, 1, 1], [1, 1, 0], [1, 1, 0]]"
249,3,"[[0, 0, 1], [0, 0, 0], [0, 0, 1], [0, 0, 0], [0, 0, 0], [1, 0, 0], [1, 1, 0], [1, 1, 1], [0, 1, 0], [1, 1, 0]]"
250,0,"[[0, 0, 1], [0, 0, 0], [0, 1, 1], [0, 0, 0], [1, 0, 0], [1, 0, 0], [1, 1, 0], [0, 1, 1], [0, 0, 0], [1, 1, 0]]"
251,6,"[[0, 0, 0], [0, 0, 0], [0, 0, 1], [0, 0, 0], [0, 0, 0], [0, 0, 0], [1, 1, 1], [1, 1, 1], [1, 1, 0], [1, 1, 0]]"
252,3,"[[0, 0, 1], [0, 0, 0], [0, 0, 1], [0, 0, 0], [0, 0, 0], [1, 0, 0], [1, 1, 0], [1, 1, 1], [0, 1, 0], [1, 1, 0]]"
253,7,"[[1, 0, 1], [0, 0, 0], [0, 0, 1], [0, 0, 0], [1, 0, 0], [1, 0, 0], [0, 1, 0], [0, 1, 1], [0, 1, 0], [1, 1, 0]]"
254,3,"[[1, 0, 1], [0, 1, 0], [0, 0, 0], [0, 0, 0], [1, 0, 0], [1, 1, 0], [0, 1, 0], [0, 0, 1], [0, 0, 1], [0, 1, 0]]"
255,8,"[[1, 0, 1], [0, 1, 0], [0, 0, 0], [0, 0, 0], [1, 0, 0], [1, 1, 0], [0, 1, 0], [0, 0, 1], [0, 0, 1], [1, 1, 0]]"
256,6,"[[0, 0, 0], [0, 0, 0], [0, 0, 1], [0, 0, 0], [0, 0, 0], [0, 0, 0], [1, 1, 1], [1, 1, 1], [1, 1, 0], [1, 1, 0]]"
257,3,"[[0, 0, 1], [0, 0, 0], [0, 0, 1], [0, 0, 0], [0, 0, 0], [1, 0, 0], [1, 1, 0], [1, 1, 1], [0, 1, 0], [1, 1, 0]]"
258,0,"[[0, 0, 1], [0, 0, 0], [0, 1, 1], [0, 0, 0], [1, 0, 0], [1, 0, 0], [1, 1, 0], [0, 1, 1], [0, 0, 0], [1, 1, 0]]"
259,6,"[[0, 0, 0], [0, 0, 0], [0, 0, 1], [0, 0, 0], [0, 0, 0], [0, 0, 0], [1, 1, 1], [1, 1, 1], [1, 1, 0], [1, 1, 0]]"
260,3,"[[0, 0, 1], [0, 0, 0], [0, 0, 1], [0, 0, 0], [0, 0, 0], [1, 0, 0], [1, 1, 0], [1, 1, 1], [0, 1, 0], [1, 1, 0]]"
261,0,"[[0, 0, 1], [0, 0, 0], [0, 1, 1], [0, 0, 0], [1, 0, 0], [1, 0, 0], [1, 1, 0], [0, 1, 1], [0, 0, 0], [1, 1, 0]]"
262,6,"[[0, 0, 0], [0, 0, 0], [0, 0, 1], [0, 0, 0], [0, 0, 0], [0, 0, 0], [1, 1, 1], [1, 1, 1], [1, 1, 0], [1, 1, 0]]"
263,3,"[[0, 0, 1], [0, 0, 0], [0, 0, 1], [0, 0, 0], [0, 0, 0], [1, 0, 0], [1, 1, 0], [1, 1, 1], [0, 1, 0], [1, 1, 0]]"
264,7,"[[1, 0, 1], [0, 0, 0], [0, 0, 1], [0, 0, 0], [1, 0, 0], [1, 0, 0], [0, 1, 0], [0, 1, 1], [0, 1, 0], [1, 1, 0]]"
265,3,"[[1, 0, 1], [0, 1, 0], [0, 0, 0], [0, 0, 0], [1, 0, 0], [1, 1, 0], [0, 1, 0], [0, 0, 1], [0, 0, 1], [0, 1, 0]]"
266,8,"[[1, 0, 1], [0, 1, 0], [0, 0, 0], [0, 0, 0], [1, 0, 0], [1, 1, 0], [0, 1, 0], [0, 0, 1], [0, 0, 1], [1, 1, 0]]"
267,6,"[[0, 0, 0], [0, 0, 0], [0, 0, 1], [0, 0, 0], [0, 0, 0], [0, 0, 0], [1, 1, 1], [1, 1, 1], [1, 1, 0], [1, 1, 0]]"
268,3,"[[0, 0, 1], [0, 0, 0], [0, 0, 1], [0, 0, 0], [0, 0, 0], [1, 0, 0], [1, 1, 0], [1, 1, 1], [0, 1, 0], [1, 1, 0]]"
269,0,"[[0, 0, 1], [0, 0, 0], [0, 1, 1], [0, 0, 0], [1, 0, 0], [1, 0, 0], [1, 1, 0], [0, 1, 1], [0, 0, 0], [1, 1, 0]]"
270,6,"[[0, 0, 0], [0, 0, 0], [0, 0, 1], [0, 0, 0], [0, 0, 0], [0, 0, 0], [1, 1, 1], [1, 1, 1], [1, 1, 0], [1, 1, 0]]"
271,3,"[[0, 0, 1], [0, 0, 0], [0, 0, 1], [0, 0, 0], [0, 0, 0], [1, 0, 0], [1, 1, 0], [1, 1, 1], [0, 1, 0], [1, 1, 0]]"
272,0,"[[0, 0, 1], [0, 0, 0], [0, 1, 1], [0, 0, 0], [1, 0, 0], [1, 0, 0], [1, 1, 0], [0, 1, 1], [0, 0, 0], [1, 1, 0]]"
273,6,"[[0, 0, 0], [0, 0, 0], [0, 0, 1], [0, 0, 0], [0, 0, 0], [0, 0, 0], [1, 1, 1], [1, 1, 1], [1, 1, 0], [1, 1, 0]]"
274,3,"[[0, 0, 1], [0, 0, 0], [0, 0, 1], [0, 0, 0], [0, 0, 0], [1, 0, 0], [1, 1, 0], [1, 1, 1], [0, 1, 0], [1, 1, 0]]"
275,0,"[[0, 0, 1], [0, 0, 0], [0, 1, 1], [0, 0, 0], [1, 0, 0], [1, 0, 0], [1, 1, 0], [0, 1, 1], [0, 0, 0], [1, 1, 0]]"
276,6,"[[0, 0, 0], [0, 0, 0], [0, 0, 1], [0, 0, 0], [0, 0, 0], [0, 0, 0], [1, 1, 1], [1, 1, 1], [1, 1, 0], [1, 1, 0]]"
277,3,"[[0, 0, 1], [0, 0, 0], [0, 0, 1], [0, 0, 0], [0, 0, 0], [1, 0, 0], [1, 1, 0], [1, 1, 1], [0, 1, 0], [1, 1, 0]]"
278,0,"[[0, 0, 1], [0, 0, 0], [0, 1, 1], [0, 0, 0], [1, 0, 0], [1, 0, 0], [1, 1, 0], [0, 1, 1], [0, 0, 0], [1, 1, 0]]"
279,6,"[[0, 0, 0], [0, 0, 0], [0, 0, 1], [0, 0, 0], [0, 0, 0], [0, 0, 0], [1, 1, 1], [1, 1, 1], [1, 1, 0], [1, 1, 0]]"
280,3,"[[0, 0, 1], [0, 0, 0], [0, 0, 1], [0, 0, 0], [0, 0, 0], [1, 0, 0], [1, 1, 0], [1, 1, 1], [0, 1, 0], [1, 1, 0]]"
281,0,"[[0, 0, 1], [0, 0, 0], [0, 1, 1], [0, 0, 0], [1, 0, 0], [1, 0, 0], [1, 1, 0], [0, 1, 1], [0, 0, 0], [1, 1, 0]]"
282,6,"[[0, 0, 0], [0, 0, 0], [0, 0, 1], [0, 0, 0], [0, 0, 0], [0, 0, 0], [1, 1, 1], [1, 1, 1], [1, 1, 0], [1, 1, 0]]"
283,3,"[[0, 0, 1], [0, 0, 0], [0, 0, 1], [0, 0, 0], [0, 0, 0], [1, 0, 0], [1, 1, 0], [1, 1, 1], [0, 1, 0], [1, 1, 0]]"
284,0,"[[0, 0, 1], [0, 0, 0], [0, 1, 1], [0, 0, 0], [1, 0, 0], [1, 0, 0], [1, 1, 0], [0, 1, 1], [0, 0, 0], [1, 1, 0]]"
285,6,"[[0, 0, 0], [0, 0, 0], [0, 0, 1], [0, 0, 0], [0, 0, 0], [0, 0, 0], [1, 1, 1], [1, 1, 1], [1, 1, 0], [1, 1, 0]]"
286,3,"[[0, 0, 1], [0, 0, 0], [0, 0, 1], [0, 0, 0], [0, 0, 0], [1, 0, 0], [1, 1, 0], [1, 1, 1], [0, 1, 0], [1, 1, 0]]"
287,0,"[[0, 0, 1], [0, 0, 0], [0, 1, 1], [0, 0, 0], [1, 0, 0], [1, 0, 0], [1, 1, 0], [0, 1, 1], [0, 0, 0], [1, 1, 0]]"
288,6,"[[0, 0, 0], [0, 0, 0], [0, 0, 1], [0, 0, 0], [0, 0, 0], [0, 0, 0], [1, 1, 1], [1, 1, 1], [1, 1, 0], [1, 1, 0]]"
289,3,"[[0, 0, 1], [0, 0, 0], [0, 0, 1], [0, 0, 0], [0, 0, 0], [1, 0, 0], [1, 1, 0], [1, 1, 1], [0, 1, 0], [1, 1, 0]]"
290,0,"[[0, 0, 1], [0, 0, 0], [0, 1, 1], [0, 0, 0], [1, 0, 0], [1, 0, 0], [1, 1, 0], [0, 1, 1], [0, 0, 0], [1, 1, 0]]"
291,6,"[[0, 0, 0], [0, 0, 0], [0, 0, 1], [0, 0, 0], [0, 0, 0], [0, 0, 0], [1, 1, 1], [1, 1, 1], [1, 1, 0], [1, 1, 0]]"
292,3,"[[0, 0, 1], [0, 0, 0], [0, 0, 1], [0, 0, 0], [0, 0, 0], [1, 0, 0], [1, 1, 0], [1, 1, 1], [0, 1, 0], [1, 1, 0]]"
293,0,"[[0, 0, 1], [0, 0, 0], [0, 1, 1], [0, 0, 0], [1, 0, 0], [1, 0, 0], [1, 1, 0], [0, 1, 1], [0, 0, 0], [1, 1, 0]]"
294,6,"[[0, 0, 0], [0, 0, 0], [0, 0, 1], [0, 0, 0], [0, 0, 0], [0, 0, 0], [1, 1, 1], [1, 1, 1], [1, 1, 0], [1, 1, 0]]"
295,3,"[[0, 0, 1], [0, 0, 0], [0, 0, 1], [0, 0, 0], [0, 0, 0], [1, 0, 0], [1, 1, 0], [1, 1, 1], [0, 1, 0], [1, 1, 0]]"
296,0,"[[0, 0, 1], [0, 0, 0], [0, 1, 1], [0, 0, 0], [1, 0, 0], [1, 0, 0], [1, 1, 0], [0, 1, 1], [0, 0, 0], [1, 1, 0]]"
297,6,"[[0, 0, 0], [0, 0, 0], [0, 0, 1], [0, 0, 0], [0, 0, 0], [0, 0, 0], [1, 1, 1], [1, 1, 1], [1, 1, 0], [1, 1, 0]]"
298,3,"[[0, 0, 1], [0, 0, 0], [0, 0, 1], [0, 0, 0], [0, 0, 0], [1, 0, 0], [1, 1, 0], [1, 1, 1], [0, 1, 0], [1, 1, 0]]"
299,0,"[[0, 0, 1], [0, 0, 0], [0, 1, 1], [0, 0, 0], [1, 0, 0], [1, 0, 0], [1, 1, 0], [0, 1, 1], [0, 0, 0], [1, 1, 0]]"
300,6,"[[0, 0, 0], [0, 0, 0], [0, 0, 1], [0, 0, 0], [0, 0, 0], [0, 0, 0], [1, 1, 1], [1, 1, 1], [1, 1, 0], [1, 1, 0]]"
301,3,"[[0, 0, 1], [0, 0, 0], [0, 0, 1], [0, 0, 0], [0, 0, 0], [1, 0, 0], [1, 1, 0], [1, 1, 1], [0, 1, 0], [1, 1, 0]]"
302,0,"[[0, 0, 1], [0, 0, 0], [0, 1, 1], [0, 0, 0], [1, 0, 0], [1, 0, 0], [1, 1, 0], [0, 1, 1], [0, 0, 0], [1, 1, 0]]"
303,6,"[[0, 0, 0], [0, 0, 0], [0, 0, 1], [0, 0, 0], [0, 0, 0], [0, 0, 0], [1, 1, 1], [1, 1, 1], [1, 1, 0], [1, 1, 0]]"
304,3,"[[0, 0, 1], [0, 0, 0], [0, 0, 1], [0, 0, 0], [0, 0, 0], [1, 0, 0], [1, 1, 0], [1, 1, 1], [0, 1, 0], [1, 1, 0]]"
305,0,"[[0, 0, 1], [0, 0, 0], [0, 1, 1], [0, 0, 0], [1, 0, 0], [1, 0, 0], [1, 1, 0], [0, 1, 1], [0, 0, 0], [1, 1, 0]]"
306,6,"[[0, 0, 0], [0, 0, 0], [0, 0, 1], [0, 0, 0], [0, 0, 0], [0, 0, 0], [1, 1, 1], [1, 1, 1], [1, 1, 0], [1, 1, 0]]"
307,3,"[[0, 0, 1], [0, 0, 0], [0, 0, 1], [0, 0, 0], [0, 0, 0], [1, 0, 0], [1, 1, 0], [1, 1, 1], [0, 1, 0], [1, 1, 0]]"
308,0,"[[0, 0, 1], [0, 0, 0], [0, 1, 1], [0, 0, 0], [1, 0, 0], [1, 0, 0], [1, 1, 0], [0, 1, 1], [0, 0, 0], [1, 1, 0]]"
309,6,"[[0, 0, 0], [0, 0, 0], [0, 0, 1], [0, 0, 0], [0, 0, 0], [0, 0, 0], [1, 1, 1], [1, 1, 1], [1, 1, 0], [1, 1, 0]]"
310,3,"[[0, 0, 1], [0, 0, 0], [0, 0, 1], [0, 0, 0], [0, 0, 0], [1, 0, 0], [1, 1, 0], [1, 1, 1], [0, 1, 0], [1, 1, 0]]"
311,0,"[[0, 0, 1], [0, 0, 0], [0, 1, 1], [0, 0, 0], [1, 0, 0], [1, 0, 0], [1, 1, 0], [0, 1, 1], [0, 0, 0], [1, 1, 0]]"
312,6,"[[0, 0, 0], [0, 0, 0], [0, 0, 1], [0, 0, 0], [0, 0, 0], [0, 0, 0], [1, 1, 1], [1, 1, 1], [1, 1, 0], [1, 1, 0]]"
313,3,"[[0, 0, 1], [0, 0, 0], [0, 0, 1], [0, 0, 0], [0, 0, 0], [1, 0, 0], [1, 1, 0], [1, 1, 1], [0, 1, 0], [1, 1, 0]]"
314,0,"[[0, 0, 1], [0, 0, 0], [0, 1, 1], [0, 0, 0], [1, 0, 0], [1, 0, 0], [1, 1, 0], [0, 1, 1], [0, 0, 0], [1, 1, 0]]"
315,6,"[[0, 0, 0], [0, 0, 0], [0, 0, 1], [0, 0, 0], [0, 0, 0], [0, 0, 0], [1, 1, 1], [1, 1, 1], [1, 1, 0], [1, 1, 0]]"
316,3,"[[0, 0, 1], [0, 0, 0], [0, 0, 1], [0, 0, 0], [0, 0, 0], [1, 0, 0], [1, 1, 0], [1, 1, 1], [0, 1, 0], [1, 1, 0]]"
317,0,"[[0, 0, 1], [0, 0, 0], [0, 1, 1], [0, 0, 0], [1, 0, 0], [1, 0, 0], [1, 1, 0], [0, 1, 1], [0, 0, 0], [1, 1, 0]]"
318,6,"[[0, 0, 0], [0, 0, 0], [0, 0, 1], [0, 0, 0], [0, 0, 0], [0, 0, 0], [1, 1, 1], [1, 1, 1], [1, 1, 0], [1, 1, 0]]"
319,3,"[[0, 0, 1], [0, 0, 0], [0, 0, 1], [0, 0, 0], [0, 0, 0], [1, 0, 0], [1, 1, 0], [1, 1, 1], [0, 1, 0], [1, 1, 0]]"
320,0,"[[0, 0, 1], [0, 0, 0], [0, 1, 1], [0, 0, 0], [1, 0, 0], [1, 0, 0], [1, 1, 0], [0, 1, 1], [0, 0, 0], [1, 1, 0]]"
321,6,"[[0, 0, 0], [0, 0, 0], [0, 0, 1], [0, 0, 0], [0, 0, 0], [0, 0, 0], [1, 1, 1], [1, 1, 1], [1, 1, 0], [1, 1, 0]]"
322,3,"[[0, 0, 1], [0, 0, 0], [0, 0, 1], [0, 0, 0], [0, 0, 0], [1, 0, 0], [1, 1, 0], [1, 1, 1], [0, 1, 0], [1, 1, 0]]"
323,0,"[[0, 0, 1], [0, 0, 0], [0, 1, 1], [0, 0, 0], [1, 0, 0], [1, 0, 0], [1, 1, 0], [0, 1, 1], [0, 0, 0], [1, 1, 0]]"
324,6,"[[0, 0, 0], [0, 0, 0], [0, 0, 1], [0, 0, 0], [0, 0, 0], [0, 0, 0], [1, 1, 1], [1, 1, 1], [1, 1, 0], [1, 1, 0]]"
325,3,"[[0, 0, 1], [0, 0, 0], [0, 0, 1], [0, 0, 0], [0, 0, 0], [1, 0, 0], [1, 1, 0], [1, 1, 1], [0, 1, 0], [1, 1, 0]]"
326,0,"[[0, 0, 1], [0, 0, 0], [0, 1, 1], [0, 0, 0], [1, 0, 0], [1, 0, 0], [1, 1, 0], [0, 1, 1], [0, 0, 0], [1, 1, 0]]"
327,6,"[[0, 0, 0], [0, 0, 0], [0, 0, 1], [0, 0, 0], [0, 0, 0], [0, 0, 0], [1, 1, 1], [1, 1, 1], [1, 1, 0], [1, 1, 0]]"
328,3,"[[0, 0, 1], [0, 0, 0], [0, 0, 1], [0, 0, 0], [0, 0, 0], [1, 0, 0], [1, 1, 0], [1, 1, 1], [0, 1, 0], [1, 1, 0]]"
329,0,"[[0, 0, 1], [0, 0, 0], [0, 1, 1], [0, 0, 0], [1, 0, 0], [1, 0, 0], [1, 1, 0], [0, 1, 1], [0, 0, 0], [1, 1, 0]]"
330,6,"[[0, 0, 0], [0, 0, 0], [0, 0, 1], [0, 0, 0], [0, 0, 0], [0, 0, 0], [1, 1, 1], [1, 1, 1], [1, 1, 0], [1, 1, 0]]"
331,3,"[[0, 0, 1], [0, 0, 0], [0, 0, 1], [0, 0, 0], [0, 0, 0], [1, 0, 0], [1, 1, 0], [1, 1, 1], [0, 1, 0], [1, 1, 0]]"
332,0,"[[0, 0, 1], [0, 0, 0], [0, 1, 1], [0, 0, 0], [1, 0, 0], [1, 0, 0], [1, 1, 0], [0, 1, 1], [0, 0, 0], [1, 1, 0]]"
333,6,"[[0, 0, 0], [0, 0, 0], [0, 0, 1], [0, 0, 0], [0, 0, 0], [0, 0, 0], [1, 1, 1], [1, 1, 1], [1, 1, 0], [1, 1, 0]]"
334,3,"[[0, 0, 1], [0, 0, 0], [0, 0, 1], [0, 0, 0], [0, 0, 0], [1, 0, 0], [1, 1, 0], [1, 1, 1], [0, 1, 0], [1, 1, 0]]"
335,0,"[[0, 0, 1], [0, 0, 0], [0, 1, 1], [0, 0, 0], [1, 0, 0], [1, 0, 0], [1, 1, 0], [0, 1, 1], [0, 0, 0], [1, 1, 0]]"
336,4,"[[0, 0, 0], [0, 0, 0], [1, 0, 0], [0, 0, 0], [0, 0, 0], [0, 0, 0], [1, 1, 1], [1, 1, 1], [0, 1, 1], [1, 1, 0]]"
337,0,"[[0, 0, 0], [1, 0, 0], [1, 0, 0], [0, 0, 0], [0, 1, 0], [0, 0, 0], [1, 1, 1], [0, 0, 1], [0, 1, 1], [1, 1, 0]]"
338,8,"[[0, 0, 0], [1, 0, 0], [1, 1, 0], [1, 0, 0], [0, 1, 0], [0, 0, 0], [0, 1, 1], [0, 0, 1], [0, 0, 1], [1, 1, 0]]"
339,0,"[[0, 0, 0], [0, 0, 0], [0, 0, 1], [0, 0, 0], [0, 0, 0], [0, 0, 0], [1, 1, 1], [1, 1, 1], [1, 1, 0], [1, 1, 0]]"
340,7,"[[0, 0, 0], [0, 0, 0], [1, 0, 1], [1, 0, 0], [0, 0, 0], [0, 0, 0], [0, 1, 1], [1, 1, 1], [0, 1, 0], [1, 1, 0]]"
341,5,"[[0, 0, 1], [0, 0, 0], [1, 0, 1], [1, 0, 0], [0, 0, 0], [0, 1, 0], [0, 1, 0], [1, 1, 1], [0, 0, 0], [1, 1, 0]]"
342,5,"[[0, 0, 0], [1, 0, 0], [1, 0, 1], [1, 0, 0], [0, 0, 1], [0, 1, 0], [0, 1, 1], [0, 1, 0], [0, 0, 0], [0, 1, 0]]"
343,1,"[[0, 0, 0], [1, 0, 0], [1, 0, 1], [1, 0, 0], [0, 0, 1], [0, 1, 0], [0, 1, 1], [0, 1, 0], [0, 0, 0], [1, 1, 0]]"
344,0,"[[0, 0, 1], [1, 0, 0], [0, 0, 1], [1, 1, 0], [0, 0, 0], [0, 1, 0], [0, 0, 0], [0, 1, 1], [1, 0, 0], [0, 1, 0]]"
345,4,"[[0, 0, 1], [1, 0, 0], [0, 0, 1], [1, 1, 0], [0, 0, 0], [0, 1, 0], [0, 0, 0], [0, 1, 1], [1, 0, 0], [1, 1, 0]]"
346,0,"[[0, 0, 0], [0, 0, 0], [0, 0, 1], [0, 0, 0], [0, 0, 0], [0, 0, 0], [1, 1, 1], [1, 1, 1], [1, 1, 0], [1, 1, 0]]"
347,7,"[[0, 0, 0], [0, 0, 0], [1, 0, 1], [1, 0, 0], [0, 0, 0], [0, 0, 0], [0, 1, 1], [1, 1, 1], [0, 1, 0], [1, 1, 0]]"
348,4,"[[0, 0, 0], [1, 0, 0], [1, 0, 1], [1, 0, 0], [0, 0, 0], [0, 1, 0], [0, 1, 1], [0, 1, 1], [0, 0, 0], [1, 1, 0]]"
349,0,"[[0, 0, 1], [1, 0, 0], [1, 0, 0], [1, 0, 0], [0, 1, 0], [0, 1, 0], [0, 1, 0], [0, 0, 1], [0, 0, 1], [0, 1, 0]]"
350,1,"[[0, 0, 1], [1, 0, 0], [1, 0, 0], [1, 0, 0], [0, 1, 0], [0, 1, 0], [0, 1, 0], [0, 0, 1], [0, 0, 1], [1, 1, 0]]"
351,6,"[[0, 0, 0], [0, 0, 0], [0, 0, 1], [0, 0, 0], [0, 0, 0], [0, 0, 0], [1, 1, 1], [1, 1, 1], [1, 1, 0], [1, 1, 0]]"
352,4,"[[0, 0, 0], [1, 0, 0], [0, 0, 1], [0, 0, 0], [0, 0, 0], [1, 0, 0], [1, 1, 1], [0, 1, 1], [0, 1, 0], [1, 1, 0]]"
353,2,"[[1, 0, 0], [1, 0, 0], [0, 0, 1], [0, 0, 0], [0, 1, 0], [1, 0, 0], [0, 1, 1], [0, 0, 1], [0, 1, 0], [1, 1, 0]]"
354,3,"[[0, 0, 0], [0, 0, 0], [1, 0, 0], [0, 0, 0], [0, 0, 0], [0, 0, 0], [1, 1, 1], [1, 1, 1], [0, 1, 1], [1, 1, 0]]"
355,7,"[[0, 0, 0], [0, 0, 0], [1, 0, 1], [0, 0, 0], [1, 0, 0], [0, 0, 0], [1, 1, 1], [0, 1, 1], [0, 1, 0], [1, 1, 0]]"
356,4,"[[1, 0, 0], [0, 0, 0], [1, 0, 1], [0, 0, 0], [1, 0, 0], [0, 1, 0], [0, 1, 1], [0, 1, 1], [0, 0, 0], [1, 1, 0]]"
357,3,"[[1, 0, 1], [0, 0, 0], [0, 0, 1], [0, 0, 0], [1, 1, 0], [0, 1, 0], [0, 1, 0], [0, 0, 1], [1, 0, 0], [0, 1, 0]]"
358,1,"[[1, 0, 1], [0, 0, 0], [0, 0, 1], [0, 0, 0], [1, 1, 0], [0, 1, 0], [0, 1, 0], [0, 0, 1], [1, 0, 0], [1, 1, 0]]"
359,4,"[[0, 0, 0], [0, 0, 0], [1, 0, 0], [0, 0, 0], [0, 0, 0], [0, 0, 0], [1, 1, 1], [1, 1, 1], [0, 1, 1], [1, 1, 0]]"
360,8,"[[0, 0, 0], [0, 0, 0], [1, 1, 0], [0, 0, 0], [0, 1, 0], [0, 0, 0], [1, 1, 1], [1, 0, 1], [0, 0, 1], [1, 1, 0]]"
361,0,"[[0, 0, 0], [1, 0, 0], [1, 1, 0], [0, 0, 0], [0, 1, 0], [0, 0, 1], [1, 1, 1], [0, 0, 1], [0, 0, 0], [1, 1, 0]]"
